Number of Variables;7;
Variables:;
0;L@0;packed;
1;L@1;null;
2;L@2;result;
3;L@3;i;
4;L@4;j;
5;L@5;l;
6;L@6;null;

Number of Block duas;14;
Line Duas for method; zzUnpackRowMap;
Number;Def Line; Origin Line; Use Line; Var Id; Var Name;
1;136;;140;0;packed;
2;136;;141;0;packed;
3;136;;141;2;result;
4;136;139;140;3;i;
5;136;139;143;3;i;
6;136;;140;3;i;
7;137;;143;4;j;
8;137;;141;4;j;
9;138;139;140;5;l;
10;138;139;143;5;l;
11;141;;143;4;j;
12;141;;141;4;j;
13;141;139;140;3;i;
14;141;139;143;3;i;
15;141;;140;3;i;

Block Duas for method; zzUnpackRowMap;
Number;Def Block; Origin Block; Use Block; Var Id; Var Name;
1;0;;3;0;packed;
;136;;140;0;packed;
;136;;141;0;packed;
2;0;;3;2;result;
;136;;141;2;result;
3;0;1;3;3;i;
;136;139;140;3;i;
4;0;1;2;3;i;
;136;139;143;3;i;
5;0;;3;3;i;
;136;;140;3;i;
6;0;;2;4;j;
;137;;143;4;j;
7;0;;3;4;j;
;137;;141;4;j;
8;0;1;3;5;l;
;138;139;140;5;l;
9;0;1;2;5;l;
;138;139;143;5;l;
10;3;;2;4;j;
;141;;143;4;j;
11;3;;3;4;j;
;141;;141;4;j;
12;3;1;3;3;i;
;141;139;140;3;i;
13;3;1;2;3;i;
;141;139;143;3;i;
14;3;;3;3;i;
;141;;140;3;i;
